{"cameraMode":{"drawMode":0,"name":"Shaded","section":"Shading Mode"},"sceneLighting":true,"audioPlay":false,"sceneViewState":{"showFog":true,"showMaterialUpdate":false,"showSkybox":true,"showFlares":true,"showImageEffects":true,"showParticleSystems":true},"in2DMode":false,"pivot":{"x":-0.35502979159355166,"y":0.5714405179023743,"z":-2.76305890083313},"rotation":{"x":-0.007905608974397183,"y":0.9914779663085938,"z":-0.10780848562717438,"w":-0.0727052316069603},"size":7.731093406677246,"orthographic":false}